<?xml version='1.0' standalone='yes'?>
<extensions>
  <module>Plugins::NewShoutcast::Plugin</module>
  <description>PLUGIN_NEWSHOUTCAST_DESC</description>
  <creator>oweitman</creator>
  <version>0.14</version>
  <needsMySB>false</needsMySB>
  <defaultState>enabled</defaultState>
  <homepageURL>https://github.com/oweitman/LMS-shoutcast</homepageURL>
  <icon>plugins/NewShoutcast/html/images/shoutcast.png</icon>
  <targetApplication>
    <maxVersion>*</maxVersion>
    <minVersion>7.7</minVersion>
    <id>SlimServer</id>
  </targetApplication>
  <name>PLUGIN_NEWSHOUTCAST</name>
</extensions>
