<extensions>
  <details>
    <title lang="EN">New Shoutcast Plugin</title>
  </details>
  <plugins>
    <plugin name="Shoutcast Plugin" version="0.0.7" minTarget="7.7" maxTarget="*">
      <title lang="EN">Shoutcast Plugin</title>
      <desc lang="EN">3rd party Plugin für the Logitech Media Server to play shoutcast streams without a mysqueezebox.com account</desc>
      <url>
        https://raw.github.com/disaster123/shairport2_plugin/master/ShairTunes2.zip https://raw.githubusercontent.com/oweitman/LMS-shoutcast/master/NewShoutcast.zip
      </url>
      <link>https://github.com/oweitman/LMS-shoutcast</link>
      <sha>86bc76508a42ffaf40afd5d1cb582a4b08b06356</sha>
      <creator>oweitman</creator>
      <email>oweitman@users.noreply.github.com</email>
    </plugin>
  </plugins>
</extensions>

