<extensions>
  <details>
    <title lang="EN">New Shoutcast Plugin</title>
  </details>
  <plugins>
    <plugin name="NewShoutcast" version="0.11" minTarget="7.7" maxTarget="*">
      <title lang="EN">Shoutcast Plugin</title>
      <desc lang="EN">3rd party Plugin für the Logitech Media Server to play shoutcast streams without a mysqueezebox.com account</desc>
      <url>
        https://raw.githubusercontent.com/oweitman/LMS-shoutcast/master/NewShoutcast.zip
      </url>
      <link>https://github.com/oweitman/LMS-shoutcast</link>
      <sha>71378ef1f2bdde0a7662c8eb226be8e3812b23d4</sha>
      <creator>oweitman</creator>
      <email>oweitman@users.noreply.github.com</email>
    </plugin>
  </plugins>
</extensions>

