<extensions>
  <details>
    <title lang="EN">New Shoutcast Plugin</title>
  </details>
  <plugins>
    <plugin name="Shoutcast Plugin" version="0.8" minTarget="7.7" maxTarget="*">
      <title lang="EN">Shoutcast Plugin</title>
      <desc lang="EN">3rd party Plugin für the Logitech Media Server to play shoutcast streams without a mysqueezebox.com account</desc>
      <url>
        https://raw.githubusercontent.com/oweitman/LMS-shoutcast/master/NewShoutcast.zip
      </url>
      <link>https://github.com/oweitman/LMS-shoutcast</link>
      <sha>a7c06e88368614def4bd1d1b8ddf29384a0c4b2d</sha>
      <creator>oweitman</creator>
      <email>oweitman@users.noreply.github.com</email>
    </plugin>
  </plugins>
</extensions>

